<?xml version="1.0" encoding="UTF-8" ?>
<!DOCTYPE log4j:configuration SYSTEM "dtd/log4j.dtd">
<log4j:configuration debug="false" xmlns:log4j="http://jakarta.apache.org/log4j/">

    <!-- Appenders -->

    <appender name="stdout" class="org.apache.log4j.ConsoleAppender">
        <param name="threshold" value="info"/>
        <layout class="org.apache.log4j.PatternLayout">
            <param name="ConversionPattern" value="%-25.25d [%t] {%p} %c %n%m%n"/>
        </layout>
    </appender>

    <appender name="restCallsAppender" class="org.apache.log4j.DailyRollingFileAppender">
        <param name="File" value="D:\/samples/SpringMVC-RESTlogs/rest-calls.log"/>
        <param name="DatePattern" value="'.'yyyy-MM-dd"/>
        <layout class="org.apache.log4j.PatternLayout">
            <param name="ConversionPattern" value="%-25.25d [%t] {%p} %c %n%m%n"/>
        </layout>
    </appender>

    <!-- Loggers -->
    <logger name="REST_CALLS">
        <level value="stdout"/>
        <appender-ref ref="restCallsAppender"/>
    </logger>

    <root>
        <priority value="DEBUG"/>
        <appender-ref ref="stdout"/>
    </root>

</log4j:configuration>